advertising,economic_index,seasonality,sales
109.93428306022466,63.99355436586002,1,180.14067877560836
97.2347139765763,59.246336829127685,0,216.11616026794323
112.95377076201385,50.59630369920174,1,252.30498689148888
130.46059712816052,43.53063222294426,0,192.74803757915373
95.31693250553329,56.982233136135896,0,201.56547559650096
95.3172608610164,53.934853854217494,1,197.46076182643327
131.58425631014782,58.95193220027733,0,276.1554946250211
115.34869458305818,56.351718016819696,1,261.1415641433416
90.61051228130096,60.49552715319335,1,209.2183784737878
110.8512008717193,44.64764788439432,0,264.2666440428295
90.73164614375075,63.173940656343255,0,218.0318188425121
90.68540492859486,51.975996046923996,1,231.75994694799476
104.83924543132068,70.75260872625265,1,336.0922272305872
61.73439510684404,43.10812181910432,0,297.89025014293946
65.50164334973934,67.3596380316525,0,167.7717598284898
88.75424941518054,51.979107834626475,0,285.863745601549
79.74337759331152,43.48581996385552,0,280.44151652123537
106.28494665190547,45.16114165945678,1,195.72930888832184
81.83951848957578,46.7965269180568,1,281.85864143253093
71.75392597329417,54.241659464019165,1,312.7735589072747
129.31297537843108,55.228354880355,1,208.52924737699485
95.4844739902693,44.26299996061421,0,201.86709594442146
101.35056409375848,49.756454077390174,0,301.5583553890544
71.50503627573087,71.42270358611864,1,249.32728367914785
89.11234550949635,67.27543170100711,1,272.12998651672433
102.21845179419732,54.36323669674032,1,268.1386867171235
76.98012845155395,50.380034781682,1,258.0248602721842
107.51396036691344,51.200313267182615,1,187.4333737679026
87.9872262016239,56.13517972730416,1,296.35949843188433
94.16612500413447,39.77207434801595,1,305.5625621234559
87.96586775541206,47.42623462576655,1,232.51339667430466
137.04556369017877,33.314159261224106,1,266.34893435439625
99.73005550524132,53.992231226052795,0,173.30965262483454
78.84578142088199,56.47195939702741,1,265.13562851133275
116.45089824206377,45.16813537700626,0,286.8283212067391
75.58312700057955,65.73986763290033,0,234.68201265032422
104.1772719000951,37.74234336997659,1,308.3063039435727
60.80659752240449,35.3562511979018,1,213.69943721220523
73.43627902203139,52.24451818559972,0,264.9484358056957
103.93722471738246,60.470983026121544,0,200.98539542408548
114.76933159990821,66.83927691457869,1,256.2070582562422
103.4273656237994,45.4111573713106,0,242.9959699167579
97.68703435223519,60.78680833431296,1,260.10891327816466
93.97792608821422,49.61491530499293,1,228.51261660243915
70.42956019265145,48.273727000591805,1,228.64115031274235
85.60311583210583,58.83659937486672,0,284.1039164881282
90.78722458080425,56.5232287841342,0,223.55540042849125
121.1424445243783,34.236078430157505,1,180.24236722525518
106.87236579136923,64.76540349725896,0,340.91537810595565
64.73919689274533,63.800913541474515,0,301.442302380897
106.4816793878959,43.74437298490471,0,188.627704938667
92.29835439167367,53.95803533437409,0,280.63456745809657
86.46155999388083,54.94030186282739,0,218.08204146937325
112.23352577681736,52.60673765823907,0,269.29112365496167
120.61999044991902,44.4969484615458,0,275.0212016756342
118.62560238232398,43.283766320619485,1,247.5924111753459
83.21564953554723,49.744459290085544,0,202.4195414884538
93.81575248297571,61.72729019259364,0,212.38082362567488
106.62526862807128,55.43600154594432,0,207.50303853997352
119.51090254244718,46.29385667913894,0,218.16434085970135
90.4165152430942,57.716987106483444,0,241.84934311907932
96.28682046672365,21.514573793699245,0,212.35541077782423
77.87330051987944,61.48765700372103,0,273.0392535455707
76.07586751838659,32.60286221221901,0,312.4002415259896
116.25051644788397,46.37559058596868,1,229.12259615543982
127.12480057141646,38.803301053738565,0,275.5326253124771
98.55979756839332,37.053185242790946,0,274.2641542993433
120.07065795784048,61.608267873785195,0,283.63544252488396
107.23272050095268,45.32298798688109,0,257.4141236462807
87.09760490789752,53.46503881730716,1,280.68292337193486
107.22791211016828,49.53079421120816,1,277.726403689117
130.76073132931938,54.770408272231215,1,203.49724454829482
99.28347921780097,50.768218910602556,1,293.0995428283641
131.29287311628013,37.1700777581143,1,310.01097842147715
47.60509791820511,59.9626681944714,1,185.63824375017347
116.43805008750448,45.06243416838687,1,260.11591681613237
101.74094136476343,34.434181013402494,1,285.0369203229352
94.01985299068265,45.718848390340874,1,236.54423551637325
101.83521553071004,65.00759790634311,1,304.5665101536556
60.248621707982146,58.50221742113493,1,348.3179355849591
95.60656224324975,46.51347865592141,1,208.50397948987575
107.14225143023492,46.50742295681571,1,184.51889555742872
129.55788089483033,46.783649487826175,1,279.96987022765893
89.63459563452705,70.76747983560841,1,280.89542307357067
83.83012794213624,53.819354522315535,1,230.37174527882968
89.96485912830927,54.300416471910694,0,317.64546273020636
118.30804235404148,60.30283454031842,1,192.2237311908583
106.57502219319369,52.387891590265134,0,287.9334422481774
89.40479592465923,47.40957854179297,1,214.40935692438495
110.26534866226712,48.03650150915022,1,341.1015696414984
101.9415509869608,49.283987405859364,0,350.59654315188635
119.37289981065778,49.627777634901584,1,221.3536205161615
85.95893812245295,57.2762954363698,0,215.50161226579746
93.44675706804463,50.519458858072994,0,289.7027728830124
92.15783693735685,57.32640077215579,0,226.72238597920267
70.72970103735763,49.19283419891418,1,233.09428962206692
105.92240554129152,50.786351903160906,1,254.23062379776627
105.22110544359779,30.017993154678923,1,156.62689491191608
100.10226913284922,59.16327674702482,0,249.35924726171277
95.30825733249706,53.46488475897993,0,213.16773996303985
71.69258515899172,59.98010109859652,1,211.19015145950726
91.58709354469282,21.037446218063106,1,317.9751469457871
93.14570966946461,70.88374704780728,1,183.7475101207695
83.95445461556761,48.604103718448265,1,282.63748664518266
96.77428576667981,61.081828167375164,1,234.43899636674945
108.08101713629077,39.60094072874469,0,240.05250014335365
137.7237180242106,56.1277390506257,0,308.3804538146909
103.49155625663678,39.46584436826344,0,268.7483428567629
105.15100781445528,43.76231039304195,1,281.1061537682042
98.51108168467665,69.14031353866787,0,297.6647738689814
61.62457569401917,48.09317599236653,0,214.24686868784346
99.46972249101566,52.17432873179723,0,219.1230245201203
101.20460419882053,58.70067730688754,0,196.34477577152035
149.26484224970574,54.95681887972604,0,233.3618946259051
96.15278070437755,51.504189051435766,1,395.531111617625
106.03094684667225,53.64961002466225,0,315.24945246017546
99.30576460589513,74.03415585238275,1,182.09916399254652
76.62643924760935,49.42381202966415,1,172.19032178662616
122.85645629030041,52.010990467149675,1,285.5215312310748
115.03866065373549,60.50654396007612,1,284.8825701957661
115.82063894086093,61.05525932957984,1,285.35451123629866
81.81225090410521,61.8703030556038,0,228.1583357743677
128.05588621872198,56.38730222029184,0,257.755230109216
71.96297874415438,38.569950872695166,1,252.37546558004507
111.73714187600541,66.33431532301096,1,260.16322125266925
143.80911251619958,38.53654606981312,1,160.93953762072303
80.18927349738624,53.02635465239033,0,228.60465521993342
88.67404540794456,42.45724149980642,1,201.7667009909566
101.99302730175282,49.35861653407007,0,259.757084596302
89.93048691767602,53.2876241030348,1,394.2281935890085
68.98673137867735,53.21357215450273,0,252.8674489630539
101.37125949612054,54.21920754235285,1,235.00914543944037
78.7539257254779,66.13711269058646,0,285.46703796160153
109.47184861270364,54.5353430151398,1,278.87031866681247
81.61151531532394,47.558433647093516,0,261.81048218025404
130.9986881003508,59.64087168288357,0,295.84187371095896
84.33493415327526,61.894704889246405,0,344.99464531811475
93.55876967588648,37.72392184863008,0,190.23496307164746
116.27034434739339,55.97400069849858,0,281.8167760142694
75.3827136713209,57.01172742310898,0,191.37230033658355
104.54919869208258,47.02436496640008,0,280.0502316631537
126.14285508564856,63.75706813311619,1,217.13710196851957
67.85033530877544,48.499444129674735,1,213.05682697413351
103.69267717064608,51.255764534715425,1,237.0918428734277
105.19765588496847,48.2692817571613,1,301.38966390971973
115.6364574355462,50.155790475814676,1,303.7409509148938
75.26098578243835,39.037249131047986,0,175.34462406889995
73.59086773831447,35.59949117405706,0,239.5421394191497
110.43883131233795,65.94505063224972,0,219.74042291871035
105.93969346466372,41.53038651681672,0,190.04460119856515
105.00985700691753,40.08607650543693,0,241.65407598224024
106.9289641899395,28.466098863962852,1,238.04034267217878
86.39950556843019,43.610382523104974,1,364.5355771014912
104.64507394322007,36.76910206592502,1,273.97052823964486
105.86144946597362,66.4201516013637,1,184.04984969527496
85.71297163947264,60.09817089342634,0,214.61778561118922
137.31549022289514,43.118496548222765,0,319.7269098829175
109.47665841823576,72.52435805344308,0,359.16046785261415
76.17393005594703,59.81765486991594,1,158.7877994160756
113.1310721726766,46.75168616491378,0,162.56931682938603
80.50636659545357,25.00594285126427,1,333.8014420663159
115.74169207484904,72.90942572590743,0,277.35155490596975
123.17191158014808,36.10427533236404,0,218.1713191962557
83.5863536329658,33.546012530431085,1,268.52463112260466
119.26752258488644,60.225704320096405,0,127.84637434159933
108.25561853872996,74.39752406339272,0,254.29658459922302
116.4412031998898,63.84272818510518,1,274.61166024209916
137.93585965307895,55.639091200523595,0,315.181436803431
95.09223767994258,55.94754341665286,1,196.8513212253444
84.9252767128502,58.53415558780308,0,246.74699642659306
82.20971140748954,57.589285897867654,0,194.8336244007654
83.68379430069123,52.811914239693756,0,254.61108493406147
98.45796581171791,51.04201103951876,0,204.46166678770777
106.82303949633288,49.374068721004775,0,233.00647779015543
105.53381598660039,42.46035411133324,0,202.97613825378875
116.54366498072048,47.19324923133226,0,290.8286445815431
100.26003783755814,33.07043185804615,0,293.0525747516123
129.07068154314635,49.0166037320525,1,252.8043122737025
94.70686333524088,40.11408892849083,1,249.26533141562186
154.40338333179238,38.964106827842286,0,204.772120934219
112.51334695530012,51.798941511534785,0,241.27284107731072
82.85684887167434,63.92002286344599,1,238.91819358374994
78.58215003877775,59.183166060023126,0,370.3307295708876
109.64944830486371,34.29499396376823,0,199.22637286372367
95.53074429348298,40.10371863429663,1,320.97423408436333
114.28000988184183,59.40771187988216,0,306.9829436142113
109.4647524914709,40.175126064616904,0,268.76419647024227
98.54342174686255,47.753668500029754,1,337.202735083188
83.06412563863191,55.50052099024552,0,260.1373364496591
69.70305550628271,40.31655545136365,0,254.3094875365378
91.06970095865958,51.0537550614596,1,242.8788178284525
117.12797588646944,36.65974505081795,0,319.7424320641661
104.28187488260409,43.98632356048786,1,306.9643991318462
75.08522442576023,53.19781934142537,0,206.2587478380695
103.46361851702363,34.070062664683306,0,185.76944952857343
107.70634759457674,54.40474737960399,1,243.70414192750553
82.32285127597734,49.803622010733186,1,201.15949741810635
103.07450211891056,55.524899544171475,0,248.36102232868754
101.16417436892,52.23914134064661,1,312.453993918667
77.14059404338754,63.64140429973844,1,215.70521426735425
107.15574720696567,51.25224502647907,0,251.4367045379041
111.21569052736469,45.70594458874747,0,258.5089820041021
121.66102486350553,51.222975030322836,0,303.252056542017
121.07604104069806,55.43298029036388,1,148.19355382111877
72.44661264085818,50.48860070325704,1,205.88829158216424
81.24349920169755,50.405916912038826,1,251.1859342148224
110.3007053441732,42.980083121932445,1,315.1543004934297
110.27571901824417,43.37099082449052,0,230.5427371338118
110.30095372612095,35.97394728200307,1,161.32284156096676
177.05462981309444,67.4957674318694,0,319.512887204854
111.41781021386333,37.56136764608715,1,223.9407856656502
122.71131280361197,43.07094802204092,0,201.87232344728793
119.08003526986406,42.81592734430802,0,228.3227481492708
113.02782502611596,58.949243769444415,0,247.2876446302655
93.69461510719309,47.05050321707972,1,216.61007432668592
115.17938440986535,62.477420726737336,0,147.3113893499792
84.54349570924856,43.26509375756132,0,287.12505769898087
95.26362786519982,52.78994162223802,1,311.375565996536
90.29272904341794,41.64652946740243,0,277.72246408868426
101.63748278772646,71.45149127773388,1,193.9344578726224
146.29317133347018,38.12401580970487,1,263.0720089693592
62.65469614816504,53.09820710227027,0,231.00128231260962
113.72520380749027,56.337768809320984,0,286.80232138184067
67.74568257620697,54.137990974514985,1,267.28986572400754
90.56136268421133,48.147123411222914,0,208.5719914031809
121.77901193934733,48.70179300266574,1,264.9892837903517
101.28560038190926,50.438114719791095,1,273.5068204217167
78.44510444141387,48.529979983715116,1,312.01366832804524
85.69392581480064,59.638791167949094,0,278.0722898986365
113.59195497869352,72.10523001591352,1,296.2488118581227
85.39266736565727,44.425082149921664,0,246.8876650792967
104.3291717916395,36.301970204209226,0,322.68754315599494
100.91143679807628,49.117179516487454,0,270.943858197013
86.96799304788365,75.79709337654319,0,200.4296010152633
142.8788817865065,41.963254320302696,1,341.6079393995128
112.67838044636022,66.39116805444067,0,291.23435385013147
59.49714826684786,66.77700814076441,1,207.59637307699984
103.72908629538856,44.46411758292005,1,227.88989477773214
86.76427070463224,55.689830791852756,0,258.21091260935424
117.04866669592448,66.28396623128538,1,281.6835731113415
84.14958523134598,46.20872259012513,1,251.9394058972333
97.70527117066202,47.964196398976384,0,264.4180692574753
110.09974557960915,44.18319086051356,1,340.0477415186236
117.31510388340243,39.852432693071336,1,312.2347095534455
75.99407185888447,43.50722454933993,1,247.52881549269344
93.30997528318103,37.760597332377436,1,293.7205166799647
90.50109377678088,50.34083468259226,0,193.62435171201346
86.93341534852576,42.30026768941358,1,263.3630601716033
135.30908480562192,52.33785911790748,1,358.1198598894665
108.09963421921911,34.44104353796373,1,243.14752233999087
74.78232091329909,53.30880232214457,1,195.0094640256953
118.35723894109552,58.33528961608925,0,226.57417504089472
142.44312394025266,30.062643574285445,1,216.73991010300693
120.64930521102293,53.74056569847572,0,221.08655719912628
69.61260068091974,62.27668992473292,1,216.2808954109584
90.31531854267497,37.90358981308795,0,174.87930831240539
125.33822298373245,66.72572386837703,0,263.45002818934637
85.84661068762438,54.190190093660455,0,288.03716403314456
108.87638856292457,42.949881442415915,0,209.05038527411625
115.49268106858673,49.44230922342294,0,333.71053671638185
81.46139056843833,55.58326912521722,1,266.2702997105989
98.809492878764,50.760053914124114,1,300.9337757205849
35.17465319861854,55.387559924463694,1,184.69559890670243
79.51224717331421,40.79326406920634,0,282.48238493998787
94.9486369721368,51.69360824036078,1,192.87762346630274
75.04433636070301,35.8628550309502,0,282.0345432221769
132.64822607863272,48.887739386513,0,274.91608002899295
71.39717244078734,40.960923585352106,1,263.36114721963287
91.19911026606033,42.64470057410233,1,186.8198248517876
102.61481154572182,62.36093175210438,0,206.55391365903066
128.82546578132232,60.91310120594269,0,294.2741438033304
71.2827569764112,56.09138120907177,1,188.22397827699558
123.26327504309918,39.07687235327421,1,284.79195212650575
100.20466122039174,46.83591550305198,1,181.74544028718358
80.36982697904098,62.130976999791834,1,282.5936241228539
109.24206948526542,51.417169136399046,0,192.99486900420723
103.9811939114694,73.19329539981695,1,279.6055938397109
87.9956624568241,53.93317839394372,1,275.2793779107121
101.39604169980038,51.92049116490031,1,215.85942992842143
92.2937280627648,46.908835357974986,0,275.2481923856187
102.27034690502497,51.33540904782282,0,264.1572866191903
113.24261349042094,48.47530163619456,0,229.67921393557356
131.72033632290703,57.0810867668859,0,215.4324339576431
75.24369002346302,59.56702316794584,1,139.49056042810255
142.66066749312535,42.140105394920504,0,288.8128361115473
60.958244009549965,36.68767046442222,1,152.23898343667224
96.96429809928833,31.637946268967035,1,253.24935902170958
111.76634412969153,55.079913269125434,1,242.7107612607333
105.61983735470065,38.966333938261265,1,286.7670574492601
87.54600960358812,28.47109407047517,0,228.67072982730085
95.83755499285449,53.885786045309644,0,231.4463881790727
90.13998130682334,74.9299951743279,0,281.6635258678264
88.21270486111577,49.939290884601064,1,260.85925388476375
116.99204194042049,58.38490774451642,1,274.30381882934915
107.14030971930094,50.81829358547565,1,277.0335343500768
86.14180809478691,49.01110346808857,1,166.29229788703816
117.99199750866501,59.190764829877686,1,296.83543275368163
106.14599041753219,47.097254558113484,0,283.6964349094462
116.2572423767792,52.673923140719026,1,207.29446475956473
112.59257683847224,53.216978061960134,0,244.09226473552604
83.42009978155855,43.31909546356951,1,239.7446855093977
88.79637919606061,59.92042349536523,1,237.67335037794368
114.94587210246523,48.25040243304591,0,274.16593437965935
112.2074053086693,42.442548405071555,0,327.67204174589386
99.58196812071704,55.365098435704034,1,303.879320444
102.34654766617564,41.015320182089624,1,185.56231416151752
125.5532979157685,50.281811573691286,1,293.8801484731867
88.1685722232834,49.90881003355796,1,310.53095208841216
110.94194762340075,60.85895565831578,0,274.8113998461605
95.95614695132213,54.746982328799525,1,302.5270947349594
95.6463759354556,49.74973041254856,0,348.43671025276603
121.9755370397438,58.17766299200287,1,312.173245825221
116.5083269797606,63.90207549017313,0,270.71959327196674
116.27019272001277,55.578103063518626,0,310.38952006424404
126.10957614308658,50.103526198433805,1,270.2991797263878
100.42007683265518,36.8816376764984,0,251.40519058057538
113.63905942589928,39.348863369246274,1,239.24881792726302
93.79466486813088,46.94775295645332,0,325.06800037567086
106.48332704976885,43.90487797840717,1,212.32023022778435
97.39713891264631,48.13028697014554,0,325.31695569022895
101.93991929985437,50.56649924897107,1,275.96316583694573
111.90314050873828,55.29692754356731,1,185.98626151427206
83.63558633533054,49.29501221940909,0,260.2002578172364
141.8477455137092,54.86501643826202,0,165.9225473742734
79.87965237000596,50.6447441481012,0,271.21522702655477
75.71622774424536,30.245334336461287,0,282.11968802157224
123.16221747000135,40.606646061812455,1,231.963310952398
115.83325387925872,48.55912444278385,0,264.0940117374085
112.4823963410431,37.90305257158892,1,353.94906985803584
112.5669101852856,55.99928729996205,0,230.99611987954597
99.7550645430617,65.30750832343698,1,196.9321529187008
82.05491257028336,62.18761851697317,1,315.1106264082716
101.51609116387452,47.86557129069792,1,348.887405108477
86.45676576975777,64.90726136849952,1,243.41316647727126
119.50239466835502,51.486674572021116,0,310.32434910459534
97.05885236995722,46.629140288819606,0,315.60322196152265
83.49005606414977,43.8659733645906,1,204.6208164051557
93.57228316694014,46.975303135118715,0,222.52084981507664
108.25862908551248,46.118231814587716,0,315.67304020049295
88.7255089439205,51.70416222375488,1,328.6134684073857
83.55559208867137,51.60573981049865,0,269.9218390530534
104.87374422983825,50.03046020153415,0,208.44615443981644
104.89933142217446,54.369381697463496,0,351.80272129605925
89.8611364925774,61.906462747863415,1,218.38202335569048
90.57923388763355,59.495541354413234,0,228.53272788524419
104.64099874715272,35.151020315500965,1,269.43739109805745
71.03831317005351,24.46078865098045,0,313.2271776207655
71.8507245124689,59.34319911239274,0,278.62416108384565
85.63111557495128,36.33121301584579,0,263.55883280557117
95.73105696576306,47.75234598107316,1,271.0299549887868
106.2181513119601,38.298869739406406,1,255.28480908815334
129.50712433899105,31.9801956241998,0,292.6605378954208
117.15319246404039,55.41462728204788,1,132.09859234730504
96.80122940073146,57.59155160302647,0,233.5702417468758
99.61967584194622,44.2348959927328,1,261.87593466681216
79.94941270724382,24.089577078550903,1,182.42400217264657
99.6297372801522,44.53755551747517,0,269.1310345306541
94.22682722159723,53.91804005402547,0,236.88985256149255
106.45437120676179,35.21088431225871,0,341.00097051915543
83.45538112895355,51.83359919779156,0,320.3786768252196
110.38693028482345,49.846901508270044,1,231.90318668650357
130.65477826005156,55.792914996010886,1,257.785503551691
97.82479703086285,51.19580368414153,1,245.2150202350118
108.03423444197882,40.26931059118444,0,231.43414341300826
113.80287983422225,61.965715016644914,0,266.65268911851746
91.97559056228327,48.4147042697303,1,208.07369183676212
104.48184963620834,49.72695460490068,0,195.71015807122785
100.2518480156359,40.667320409268044,1,281.26148520283135
101.95352197097664,45.567177488084894,1,282.45324019657886
84.53980432289067,41.15197285973099,1,202.05411417844573
100.49020348517885,48.27053940076577,1,295.0128732807194
109.95996582490899,67.11708480142343,1,223.40109645418792
129.02287215590084,36.28098857068643,0,277.1696979798495
119.18541652170414,33.86438602123259,0,300.60990889147484
143.06364915023113,64.71170327493608,0,269.8511963399299
84.65304874223901,47.90676322848134,1,265.06356997817625
117.44641273441357,43.309272613400836,1,232.9017241728282
103.66684011476704,60.39904687396076,1,242.01009088597868
143.79605866435344,43.94384460263136,1,261.6050577881597
83.83403429289697,68.26009713546937,0,204.58809981943654
83.20556315638447,56.77925871339269,0,232.76407342240313
88.01214709111956,45.120885918542974,1,166.57515860237245
57.52208551380386,71.57308213265503,1,204.2033553997967
89.48489956638478,43.94285076996662,1,230.49867511470885
84.81734676892604,57.42095372009307,0,229.599685759694
103.00787572952416,52.99292580406492,0,239.42906557122313
106.83511951554318,63.01741289398798,0,250.32934976476514
137.52341678431773,65.61511196726853,1,292.7337842964621
119.008476763721,50.320041490657665,1,303.23009208848663
88.46192688675194,42.46582129653817,0,211.74270210096262
82.03170657303284,54.59972142939117,1,180.85581051705918
109.83838343013011,43.22284630247894,0,202.81697110290992
73.59533585958715,70.13387247526623,1,212.43752187004725
136.62917531708706,51.36535331082737,0,250.71852176771807
123.58880241442574,46.34678448687891,1,223.29459789734
90.6164869579059,51.84680305864909,0,180.50241026645824
65.73730941818245,36.52873710470303,0,210.06261333538183
127.07744748330825,40.28385961489349,0,272.6100547473527
97.70920309494764,62.00413907944426,0,278.6060748392521
124.75632623946923,43.43105721028604,0,234.50701046431854
68.11144682411266,39.5308901731806,0,213.40583230488463
88.01249954092454,55.36652752527286,1,197.67133432809672
100.10487399436366,61.85704154662997,1,248.480478478443
100.93961187529484,57.18953310665067,1,208.0483742281067
90.99869057041512,59.960476858058165,0,274.15573594726754
112.45699864694997,42.43204911430539,0,166.93517472676942
78.6475914123481,35.78189333258156,1,221.34231208355092
97.15241029957413,65.01333651955487,0,263.6315721093742
102.40591263423798,46.77320161157864,0,260.3946821332442
110.28877668117498,47.49166983544953,0,389.79607153961234
114.2322975617778,63.281941418490575,0,274.6061500092843
77.50715816324262,55.5623000940066,0,188.5508492395208
69.31771658528756,54.55887772081608,1,229.88564593819012
125.55353643797018,71.65002344901083,1,173.9644515456625
106.64628023959183,43.564817696198574,1,249.29315265495788
85.03026926886892,59.278401280812375,1,200.86233178439653
131.02303951045047,50.570131248970846,1,311.2810335332333
102.31349268585717,52.68592278863257,0,223.67973261315186
123.58594368127653,65.28468426412532,0,255.95467605087595
101.35036962820217,55.07835756289624,0,218.89729274388094
141.21495849763974,55.38296079049633,0,357.55004684148645
135.10681684886407,60.72507337309802,1,251.49127011853645
95.02071703041852,46.350472704571146,1,339.13821068916934
119.43141901908712,41.607903326609936,1,300.4232976154569
112.90751899170294,39.55190805978967,0,280.55709586262077
127.37263115064698,30.33643410623998,1,282.12297294119946
80.70153078839792,70.56207129940321,0,260.0406303050115
113.72102919996878,38.96791634278317,1,160.4768856327039
121.16848973699176,47.78746376414228,1,246.64007516095805
64.82521027153771,47.23186700111079,0,274.6705036949849
76.3348297466845,53.07406697809101,0,235.72255569963698
59.21535644479799,58.15737212539297,1,159.34818588222024
94.61186331110885,58.60473488359745,1,244.68570912668093
114.35084511591924,44.16922561431062,0,342.3806983707342
130.04714104192055,48.32878286213589,1,327.36815629769626
101.4818956083955,52.825799504882994,1,247.64074733589618
132.57231091142583,47.51308873816453,0,313.8586193086172
72.39797083570217,66.07345576019992,1,217.8736343994485
65.9323512128969,54.90974951638251,0,147.7725962651125
98.88904602206762,57.348777860498174,1,203.2212236045561
107.68130897878615,56.628812686674124,0,331.985092914803
99.34610503811814,61.73473857485325,1,235.97339842759385
58.65115799920247,51.81021558703707,0,217.15638003085036
98.21759920974424,37.03168052044153,1,234.11688979112807
73.91060998990294,53.996879517526416,0,332.1621344736018
113.39345097660077,43.48643106208171,1,337.99467125640354
107.33196492193696,44.713833182502434,1,364.60499413337516
81.2024042734529,55.863640187550935,1,232.64894161672387
89.72266165326613,62.38283071433636,1,259.6425552639878
78.81572956222097,50.21271576736061,1,163.57573731007093
98.74641805453656,53.088330125989636,1,323.219930333182
119.10284641002477,67.02214944635239,1,201.16244564161565
80.28547907328912,52.407531794885685,1,250.981517724776
110.08093031035689,76.01683114180395,1,200.17533877353625
89.39484763255118,55.65509645631544,0,215.2540824793408
84.14254335475312,32.39237240844182,0,200.20815012489155
97.85939280090885,57.53341621104533,1,218.53593336666353
79.29515355161251,53.81158384882778,0,212.69144161835732
88.92701389305635,62.897527540827454,1,217.05006720027433
76.04244214822303,56.73181351269958,1,279.6879166631269
139.2945026583278,48.615440160162265,0,214.40411167603787
100.70527103943458,37.757017637106344,1,261.37970687041064
86.00548984014829,47.90976742713975,1,303.900702535352
104.27959821468444,41.494795457907,0,226.47998088167242
97.7534390061834,44.19476550195277,0,212.9807749657116
95.58060800933553,55.8857840442061,1,236.26407274565523
112.2833340008685,66.69904504351406,0,315.12792741846977
115.1501542009461,53.94671529822981,0,267.28045864814095
89.38997704778944,38.04116937964815,1,218.1342737935148
88.4836351871064,54.446026682201406,0,268.4356501529552
94.49896605696712,61.966314866456514,0,192.13487553666238
53.9615767052883,43.90217095680618,1,261.0487638747916
69.69617875602896,48.65982833327082,0,255.27845476310284
127.3374853488905,50.14688194729197,0,248.27831911750104
132.89935427002567,42.151016869177596,1,224.52038721265131
95.01927920887243,56.48280433843859,1,203.17559349026337
111.53113926111533,48.79051851392219,1,282.50643644785316
106.22500309087073,54.195324439070276,0,314.56152666988845
161.57761616910477,41.125078221978995,1,248.92342073311264
122.39149822869153,45.62541699676589,1,284.11508429191997
97.44164817038467,57.22381357827771,0,144.36947315508888
80.88919118799149,46.27166847908233,1,211.21370906113577
67.87107359484855,67.26963851233405,1,232.3825901538792
104.06927271734446,46.003638143853976,1,206.55046550958053
84.87298509431393,52.24684725751886,1,195.61117380767718
71.55492580804652,59.325908318730896,0,202.38848508057896
87.06854231514947,35.816342670669684,1,258.1439075738934
78.3690399277121,32.39191188019224,1,229.81806904353732
133.74283270145128,34.74343685429905,0,154.95985468447702
117.63279513898901,62.62584103427182,1,152.7813899377412
99.84054717366766,44.481418541075534,0,219.57701469397506
129.59888277780053,75.58199285668252,0,287.6837706915779
101.54736615295236,44.357524013426115,0,113.39844094021444
82.77431597343472,51.84551303197037,1,216.40064917913585
130.46248154539313,65.42109952567876,0,238.9188479468255
110.77820087369318,70.06092888159122,0,324.80598934726896
79.25507691347087,70.61503576636397,0,220.37644787109227
96.19322643832784,62.083662305931426,1,267.2460624562103
82.48763493230486,60.240625258114626,1,248.3066744705256
72.34400538071327,55.92526949201183,1,129.6436786999966
118.52355095063282,57.78361076166638,1,297.67213630690327
138.1883328094026,44.488142836714665,1,279.8639916775157
72.02864852361718,41.81801116577693,1,261.4277562455381
111.25938473381142,49.96625542589048,1,451.9415776887221
86.98714861756346,48.298153774750716,0,139.2879273338523
90.25749232470608,45.46771950672725,0,331.36357865040844
88.15212151522262,56.963874474567156,0,229.70368478759355
82.72018460640368,59.553052085705104,0,255.7265375233523
100.97043255889653,50.884068862918475,1,248.20960401438617
83.38099767177924,64.77530081055262,0,220.47868216598744
105.40913651559677,38.58310885866495,0,224.21292184586042
98.99523781101726,48.06340540720282,0,265.9730556841591
95.2210390626718,42.831776793971954,0,171.75183469775195
81.84872675916804,31.3346338292694,1,278.4533217556723
88.46457338863334,49.17319314157301,1,223.42256645005398
115.10782451651512,48.78252491616716,1,201.05044530623965
110.01834375248761,65.13449743242131,0,232.50852897645314
80.44889510402898,56.30811684554777,1,303.08190839514316
101.98664610858452,39.758131756707954,0,224.22656870348112
115.02774246743579,68.54092566334188,1,275.4365521441989
66.61189437757257,62.21033695525353,1,196.75813340301264
110.8672038475987,55.82097703468616,1,293.32969441998034
86.74752482108306,47.73515901150168,1,277.64914935005174
111.41197337186318,40.405607632765204,1,348.13642835075217
84.73481686914967,46.27793223928947,0,233.58921115961405
63.90235798670962,60.88748619704186,1,265.38391923125016
67.44915124233674,68.84586305934609,0,238.6279525981156
100.96169893322764,65.43243528272188,0,315.2744385597646
105.19445003442964,45.11150578213726,0,216.6556056367783
81.91366749791183,38.80382566710989,0,278.20709939281994
112.77184917554747,51.40886246911204,0,246.65105978193964
66.7695987546208,32.31560634437149,1,230.1753905218855
98.67840402705367,53.23167714184781,1,253.92682623594547
75.77967600475087,48.52397413701331,1,250.5018578237093
86.96327784395682,45.33963498131758,1,237.6701867658805
100.94797342632828,34.05296932733204,0,261.20964587169044
82.79173269432096,55.136001065697165,1,320.3017692252697
92.30888911540349,44.672991603380886,1,295.4269288384627
120.1258561842888,38.30083164289712,0,303.52065771698926
88.46216260953702,21.277377867183507,0,221.45410500357497
116.71384224130284,49.724850949493636,1,213.89487970923523
77.40586290684763,67.72251596669744,1,286.46795936531146
110.59608355830565,66.6125921454787,0,299.1003814056425
128.83137241315802,45.429037434137285,1,338.04921999412807
50.56710999745421,43.97787939638219,1,195.08452370026563
84.06209489059046,54.68774256075024,1,230.55361467727786
111.5414425436108,40.016145608117085,1,173.7965131455337
95.93909227914014,53.01791899819466,0,228.34599083652643
107.42291746742617,57.660802783846904,0,303.53998426268544
87.92029626568359,62.26933223884308,0,220.6353791714319
101.731795749458,48.99845923520047,1,282.88988763477016
96.88645529215842,47.96326249823034,1,238.91807234618864
123.35564123319614,41.22017413243439,1,277.8806720276761
105.08841686602426,41.7311964596014,1,195.15963894222878
106.75205324150404,47.73521108098473,1,257.6364991024471
91.76246067755065,53.67365506816178,0,96.32443179373915
90.24787551855013,59.13584626233249,1,235.7791298511758
91.34883624360758,41.96821049319655,1,164.15075593604678
107.88904284756593,64.92688568959522,0,314.2442472511238
91.58031038359474,47.28876398957431,1,284.66052283002296
105.79549713792827,49.78632705651564,0,276.23129766726817
141.50801597290877,42.527883208521764,0,346.8043193444234
117.42249406863385,25.757597397270583,0,211.26542099307505
93.47952935664318,58.8404539636105,0,334.1079245740995
124.02427844327889,57.36843897092433,0,308.62171743465865
91.83849253956897,47.18672442881787,1,234.09148190883718
59.23750929644292,50.66990717224872,0,286.3997620073687
79.83827378165192,55.15939217704099,0,184.60446127024426
62.58416157948289,34.374541431134574,1,190.06637271335777
92.96973031917383,44.70947322653705,1,216.0553789976019
100.36836758379103,57.94264679621827,0,223.73529838869476
133.52874624550566,37.45710576830751,1,213.9364909847402
106.53854747528325,52.935579321666296,1,314.4234270924079
95.61798942382272,36.43418195376595,0,234.8662746934198
116.58811162366979,54.66429982433527,0,275.91930422967886
55.7772938198423,49.643585177025166,1,199.37107858923713
104.71229116217131,33.848681840944906,0,161.3259805536598
115.41730387773933,61.64739354457171,0,271.2115198584408
70.42827508440317,42.65408423201951,1,139.60138877121273
122.87508086413858,41.89747562985619,0,258.00583812779587
106.76992814988829,52.00569197230943,0,184.96921213330364
91.69424172198397,61.48637349428715,0,345.2109208225324
112.6556373221257,39.841781810216034,0,301.89595476979895
145.41385715608791,50.61679849847972,0,277.994618141618
103.6373251011699,54.28816500330573,1,315.0039964333184
104.96441172600672,56.93105607263144,1,210.16640698971656
90.81278200919512,51.76441555277225,0,272.5803599381022
83.00311261070416,46.329721609166775,1,251.49207799128777
116.60671633088491,41.724097793512804,0,271.50436223212597
82.87832348182266,50.86143883046375,0,305.05683674624976
101.43132474438785,39.27860988014393,0,287.34026751118404
90.44685106469767,20.78649516505393,0,259.65960867359996
109.57959651492784,54.365598041576675,0,172.0454264460491
106.67324210573896,59.039348410861955,1,205.3343062888963
120.75079888515799,26.370675644581617,1,254.23995276279277
89.79967202290506,39.90269295290062,0,249.56845472528508
94.60250129413258,56.191542610051975,1,190.79106441337012
80.42472568435386,70.574954697117,0,360.79619662109803
91.11413479847776,50.20793707675408,1,321.3767701619175
107.54600986089704,42.71997058770866,0,283.8789209500727
115.13977233290704,48.1710355889516,1,261.1717292306408
81.5566935164475,63.74876419148185,0,230.16789826316614
117.3921184021132,43.54035820875465,0,211.1001361999448
127.11275717609902,42.00807993349746,1,267.43040451399264
108.26869806447402,45.17256477817968,1,267.0219760393745
137.53591625116132,40.466713917412875,0,206.67992935149945
84.52421601792854,51.22670315994795,1,258.97092887120914
75.10690593377166,66.2467845846956,0,229.79050052564838
64.42559502191443,53.23079273116029,1,136.82241961708766
129.92088622978366,47.47646497873713,1,221.94119257591674
113.08731312708116,47.08188731084456,0,235.8633798924584
98.8883065817909,34.36809191303343,1,343.828536157905
105.59937252639641,58.83109777147159,1,280.62734248988613
77.49021905403247,49.22162802987198,0,171.97103107202167
148.91503959233654,48.19520086409374,1,298.7593342670501
102.58442363950455,81.93107567844861,0,173.92701237283399
102.18789589209786,52.98752908365686,0,305.22850064040256
114.51533247797384,42.48208949904816,0,233.701433648093
109.62018463473427,45.736424037944566,0,250.12828288040862
104.47768048558262,61.48445709196755,0,318.5286726199008
84.19051089109377,51.13270410537764,1,177.73707701633438
109.42936714271991,35.61722021682633,0,184.85877431571038
137.6404899295007,59.19228934575204,0,239.64027864745012
126.90840092309955,43.31855914461006,1,315.3731430125156
131.86373253278794,68.73297776217545,1,189.96456249255186
89.7756864713763,60.80048065714649,1,103.2800633301597
80.20790359482838,45.52678104341249,0,217.54600887696427
97.48426159800704,62.81016361735113,0,276.32917079454955
101.11449824577389,50.678555105274036,0,310.5703366098284
121.88383036941897,58.52773675122219,1,237.78384708043956
66.15070740570361,54.84732817294475,0,212.50402334705169
130.59100638921228,41.536433450091266,1,322.99053990739355
96.83984202842021,43.56450167682538,0,154.93283602943907
91.4623786010516,60.29960817581161,1,226.30515054137533
79.75791249479664,46.65224667893459,0,249.4001507436512
66.90286656268461,45.96351536758003,0,255.91236934559402
116.46341167923829,40.44877420650647,0,232.74137118007502
101.46635934376808,54.235990655934614,1,252.4552302571761
74.20078200517892,70.62524919243145,1,112.68402333193998
74.09842455872769,39.32467085745727,0,204.1367916626714
93.28430601419744,50.24219456672758,0,269.3175886348221
133.38043050578784,64.12220555415429,0,217.57551354015996
94.8081729727279,49.203586087542845,1,250.35329756584383
69.93714093763788,54.52371796249734,0,257.31219550895383
95.08513871828112,39.376064718531204,0,230.4151093162523
94.54552860504658,54.28307097207649,0,255.79595285235183
46.06226714116857,48.12855734995451,0,174.89450530635366
98.91410266964375,59.85729995679863,1,239.12648735001954
95.38130939582643,61.87386051564751,1,278.20146317737436
113.92412729626837,75.89563642018614,0,264.8107116965559
136.9791218989069,55.796331732135755,0,239.1629974712567
122.53130059095514,53.257963165821664,1,272.4764705100172
94.62222618890338,51.94384301577336,1,283.0416026262826
77.86948182516659,46.46833707189312,0,136.4376769837094
151.4671960649972,53.38483843461691,1,333.68730128029347
101.18436868028977,47.04598589860971,1,233.7794474060913
100.27858583825892,51.68460976269614,0,271.413789581141
99.51749825779993,63.1759753560796,1,309.62109531116135
103.9616952153571,39.934574347203586,1,183.39716274615526
97.11279176152115,61.39878561129045,0,213.08434575938327
88.52675986239527,63.17115067339866,0,229.8359451374124
89.06282117519216,48.81931473008921,1,205.34373453137465
99.34493459568003,28.781451009914054,0,336.4192960896804
89.1315045773247,43.921780129055676,1,201.7271475973227
85.74308434645671,62.96994546561109,0,215.09420319888503
102.12860455383793,49.77131937701118,1,261.28375385706784
94.90045565158289,40.00697767705089,0,187.342751521987
130.0798597716538,44.95225078771782,1,245.2558942980137
46.980603832139764,58.40620026504553,1,239.36296497857865
121.83013703844924,55.4673356820138,1,244.27204830009907
124.92170384995258,47.61067900830306,0,257.79150897997886
58.53219535183701,46.33175588185313,0,202.79949205349996
93.14624811839303,46.08241850956178,1,170.84960860015815
92.57118268008418,40.77589815501497,1,262.365251907004
71.84976610564357,66.15375689469442,0,323.6715366351838
84.4436662481825,46.7767953078866,0,243.14191466326315
77.78848309068343,62.17158520825497,0,250.1574474077192
135.04540886847246,65.21316051922452,0,302.1588421900792
118.71356786294922,59.9831089814796,0,195.89025910413966
125.43110189988317,45.683796872819514,0,347.84128385642185
114.4334412808647,54.037300903366095,1,267.33316046157245
77.41896457565542,49.758043936090836,0,320.3023272422832
89.50959467440452,40.96298139269872,1,208.1031475610028
109.78749122455837,53.24359281721603,0,345.7968417401704
75.55744382216109,38.20960208840198,0,276.5364966128197
114.25996860344776,61.87679388461564,1,284.7819885943418
95.1934920368373,45.35382702701607,1,259.29796873607603
92.50358384900805,52.01159655872839,0,233.82536102078157
114.21919936406982,52.83287871546142,1,317.13618260572855
108.8852662297208,47.410950262959226,1,261.4606266072627
92.7806766836184,55.86693801475275,1,148.03685316245156
123.18659606728497,45.25096343377476,1,205.73397494829237
78.37873344800205,58.71297297457244,0,229.89707911436366
112.31871213888527,36.54020319753251,1,271.6593052277204
111.86202515936768,51.26379579546412,0,253.10158813468905
93.80907121372019,69.38928999058285,0,307.8530750965433
106.52266044484236,39.99668675394425,0,155.70623702048994
74.97772847229393,43.222550294751485,0,244.66826106140496
118.48054038413802,55.13907849658915,1,168.34130892271128
96.30195727114022,51.79581781939598,1,286.1365934097785
89.54553958961921,53.50630099273559,0,240.04983407270947
120.98018451673778,54.891871301476634,0,281.4705908595748
85.91312618914482,56.3472146856177,0,199.7624150650841
71.83077407272881,61.09699841956223,0,299.88863361925195
68.86741652952193,54.098186569285126,1,286.5199414677035
112.12019902691279,47.58742345381457,0,285.23731466405076
74.39141295007434,56.72573701202731,1,230.71984413186516
135.0958836396873,68.99881934895215,0,296.54080608460026
58.36141184232556,48.67366253617426,0,193.83607752179532
133.92912736580075,40.254706953293585,0,309.742346633936
104.22034934405237,61.07080669286972,0,334.5842193882222
98.06573776259215,48.796188360464015,1,302.56339688025537
89.10161826382101,28.273304539859637,1,208.07068564154002
107.98272228704141,58.47421677150422,1,272.06222700717586
99.24730595150304,44.64671814046077,0,184.96657578781915
122.06603764033042,49.094667176958396,0,289.652534378949
102.28455297324079,53.319803305690144,1,273.67244712974735
103.00603522923755,51.904996797790666,1,158.01220063801057
92.72775575572288,57.0945181713904,0,188.27468568224327
98.86108752557865,45.645136294301565,0,235.273598925601
106.15603537784118,55.131057981760826,1,238.03503033187928
65.7966321468675,47.40453322416083,0,172.4244693024935
73.03629155788573,57.38810480887503,0,255.96708224655208
114.8652818804543,56.153674840130535,1,270.00632138725274
103.41730876255883,40.645612979554045,0,241.99519778235344
96.32033327294641,60.85982116175032,1,210.37059162855508
100.36867866130787,44.64036554885952,0,302.6196956514821
106.95163410723342,58.08057798281145,1,336.24617270803145
89.20480639381277,53.67287313401341,0,220.42432900457953
84.43390549195375,68.38183676795123,1,211.60860688823584
103.91690510195363,47.76534017628148,1,276.5188358215766
80.43254444769936,46.506832038818025,1,222.31480323650035
108.16505511428943,49.805803941122676,1,247.11266752398302
65.9483279152432,46.968202171657246,0,269.9568215438552
120.58311274651288,57.9994190194205,0,164.8237519978918
109.45194964826086,33.83689391563412,1,320.6410910667639
105.12059468627751,39.46317580853646,0,256.19432355960583
119.65381967891028,39.32197078420807,0,239.25225261134614
133.30948888925153,59.50307591973576,0,262.1930367335533
120.2874013003626,67.10613372581925,0,258.26516840120723
63.182515373367096,48.955507814625285,0,145.0311925144373
74.40846066528597,48.311782768099896,1,311.95114170530474
87.50362844608642,50.700521631131814,1,245.81809583657412
100.52182100421668,61.61878302608191,1,272.4110170244771
110.35318040938246,40.72646865809426,1,302.7540787333934
85.48512373693069,52.38368982734785,0,191.68443899045033
103.73533528954157,59.7519762978243,0,275.5412625965322
84.89234135293356,55.01094169939845,1,229.0641161315271
87.76964394016103,51.89581616598743,0,286.2233607309052
71.86677806303555,60.01046092567141,0,129.57201801394302
81.53533507778192,22.96767707000763,1,235.81295252682753
72.96630788767332,56.77875319530908,0,206.3421211546386
80.48253494045335,43.45924316872576,1,261.85441500193446
121.07283593215679,31.693671031435432,1,284.03862733448847
81.01202222336114,55.11202599524981,0,205.12471637057928
152.64764129674782,63.73658545162958,0,240.71512743957175
109.86635801761778,48.62551485372308,1,249.39991058094245
103.69672247389748,59.528745472029385,1,207.01624987118834
82.83284439637573,66.12278257988646,0,283.51560697079424
114.00619758817983,63.14914453584048,1,238.5427387717176
88.48724347524453,66.39964529371393,1,98.89421077154019
102.44019629290723,57.42127491071892,1,232.4789953153633
151.2016907653759,50.754336389015926,0,223.67365434048935
98.078802005507,33.980341881028316,1,167.47561022970623
122.98546652571352,47.53937511870051,0,199.62140135172814
85.93647149748224,41.567534046838084,1,248.43865934038962
99.30023019006076,71.70942717497815,0,316.08215650744194
135.4160127127102,48.24114187567663,1,283.36723004960413
87.46065884424465,51.23204806784486,0,213.40516001133534
136.24897115993858,55.51485376040468,0,290.9196953385044
114.1550387091095,50.436024463724536,0,234.12300384360515
88.75066448211464,66.95051040430752,1,209.64531378290008
112.64815478111042,43.77350638265548,1,198.605943978906
119.4510889925346,51.94607455237243,1,172.13410415868134
112.43619924434392,42.57529414301952,0,236.7219142941997
68.59550560219087,36.79977488779294,1,242.20042729710204
85.45725648350263,43.882309090947146,0,237.89744474100684
95.0496272889699,49.62963202951588,1,226.726467247117
98.51133141799907,45.7069777548274,0,201.9683626741605
112.41344195101357,43.07579020126144,0,286.6190305597552
103.55402001866507,35.93682536328166,0,185.9204140120033
73.29311282579798,49.16894427371305,1,275.4479521050728
107.60395702011927,34.952796259689975,1,203.6911275637234
112.21171490567646,57.60055963689602,1,218.48409558518648
111.1958089586208,50.824397529345035,0,182.25864494852655
121.61561451109243,35.4244850053507,0,235.73769991126437
116.67844309097808,46.907909229501364,1,307.104844469388
109.18360158456873,42.478435944094166,1,280.3732052144822
98.59668577082707,53.1917451041918,1,298.2194484868153
66.78078132968017,63.40450446023144,0,259.4975179615369
108.59236438265171,31.248275303542556,0,199.11269076480738
104.15375374326223,51.150260791474174,0,235.53741565525326
105.43157674390747,48.398672044333594,0,213.70583191608063
74.46502848359381,56.713400764504655,0,303.76125944374894
78.37886919183475,52.131966282376894,1,179.35000227460182
121.06305706665808,42.48030668261181,0,305.2164130027846
99.2088969228669,46.80946064333382,0,294.25214196687193
113.63001394745248,42.03974143196511,0,348.29601705953064
100.56636752260923,60.76007138598598,0,229.79885412982975
100.59512278991491,50.21311648671942,0,285.9136693739656
118.76567611951995,69.01190685753008,1,373.4654298867021
89.67910543565252,49.39339186185379,0,213.95746887114143
101.92241553881966,42.91593233089537,0,174.20919539279186
90.75449422589915,34.862856073871725,0,151.37674541756138
91.31007545135368,31.96860323744055,1,281.29063916874344
93.81655753062721,34.158640569945106,1,152.7507683623844
104.44267543267426,52.67126651011483,1,233.60538506944098
90.42502756673045,55.08725023229934,0,267.07817313531325
125.11512251147042,34.188092979678665,1,271.8163380972309
82.10785395560993,58.950383140761154,0,262.3261701870136
96.26256711677281,45.1693894831656,0,259.2457763484291
91.2053788345165,51.467930119855495,1,309.54598008292794
128.93955768707465,66.12220628255425,0,216.85395980659746
103.93109553023149,58.96839315865532,0,218.1157908421892
120.6368907893727,47.314693520941674,0,221.68547313114516
70.28879253926056,41.08807774584713,1,276.6539868627608
105.34100531738518,28.48184598670695,0,297.6904320784458
117.79261591246873,42.8084668075758,0,281.4575739221598
101.64567978550848,47.88869761172305,1,309.9975232372506
121.30960750130703,40.12820472848816,0,201.7527603818345
89.65423099799256,48.68743032907695,0,328.18832107655317
128.1869488037116,50.768518829587684,1,340.2554054874687
145.977962472385,47.751440181919214,0,309.77008109847986
92.74322879120682,43.4999741917654,0,335.4615598341564
91.08994957198456,51.68654671966728,0,162.7138144021036
129.067689542354,54.41940649569409,0,238.31143795804442
131.59144291461425,39.096009225571535,0,229.0305484232095
89.54279945693463,64.10932379746271,1,280.84536591633446
91.59626365808285,49.014118677157384,1,193.29109484893416
94.36430782278985,50.188496229448475,1,285.0569113782692
73.11098977931445,57.08214423256557,1,305.0823020894929
81.62696107031604,52.332161312635016,0,275.573625539358
79.91718466495864,59.53136633913245,0,254.14614351555437
84.64404869791743,52.87124165201824,0,192.92835730392125
99.30630225226437,43.87562625359562,0,207.31060281986396
104.68429465073041,53.61503525206102,0,314.82309259019854
131.01000985628153,38.56273792679338,1,304.47245512340737
80.03291918522419,51.085597057765234,1,238.0654836237349
119.68644796953167,49.66770009355539,0,238.9477466964713
95.72022311548982,47.918831427274604,0,146.56971790217605
99.01072580695134,48.71462488561069,0,195.96274196925373
113.49638984333208,31.18150954502361,1,352.31914927865216
77.54555956875403,44.512750922590385,0,174.75000123425366
107.64819492368102,50.928449011411146,0,263.29808852289455
103.32904416426112,51.598563919974005,0,302.03672074189046
109.84902528016298,39.72324859074042,1,192.1783792399669
105.78337287815636,62.65707840864701,0,262.1272101781324
149.1060027982179,41.33825151785499,1,321.4487782746417
87.24520031497369,59.69457200526737,1,244.24756625284937
89.38006089996365,54.27194361871685,1,388.1101832333202
87.53718947150472,43.53772690156197,1,160.3386317918426
88.8904576167949,67.75310892609512,1,297.3816553025914
87.25225745386965,38.0636316824352,1,234.98604185711162
123.78033062215104,59.191541736100014,0,300.4861730529093
128.4100849597971,60.005823180429786,0,286.27040006486084
88.58507412501048,43.293797909233554,0,207.6347272070054
83.35288853791542,63.92465300064329,1,253.12626389192474
109.42831112772808,47.49953485401047,0,161.81908299394968
88.95553911438057,52.88693629279857,1,274.64014458575997
112.65863635511022,52.603218387712204,1,271.2372414770814
104.058460417026,48.65691258529452,1,283.96223864066815
69.68511770005536,58.10808273159782,0,287.7484751043852
130.95010402660122,57.93488720552213,1,283.8560440237862
135.91755346191044,32.51468026761819,1,275.363247720869
87.74422619031228,63.043402428781526,0,199.81869626209152
92.24596880128031,33.37508011964326,0,210.5119462181876
105.7173078144981,60.32546204341657,1,312.1953849161156
106.6891357997405,61.26705136827583,1,325.1613381851692
113.1708854534566,39.09033569784802,0,244.6799209111256
140.204090775327,45.891857120454155,0,272.4021827503272
96.461055450119,38.94295331514064,0,202.9998089753712
84.03405510923092,47.850789697112646,1,300.65486981798773
72.41361543970946,46.919657158142584,0,269.47764890444364
85.38139920116161,57.796605322693395,0,339.7515714237682
99.33746054252406,63.10308746119608,0,205.7525764122751
135.89115727035576,63.95683810789956,1,249.04518368426704
89.64777401927657,44.37831973421698,0,256.3961831359169
104.47575903277797,47.90778126255472,0,284.56235640267755
99.67154207854496,33.1656180777905,0,239.05238916189086
123.76786546896167,41.94129933503811,0,218.2358782117958
150.53864851747244,59.64851633097457,0,319.3397007049148
89.38262454159359,66.15582823548232,1,280.7480803980759
90.21121114963556,37.65651128120078,1,199.29190054663155
120.88321754138144,44.075357408471056,1,328.2137488259655
113.63782979252623,49.73594243041073,0,315.3288503560933
136.93414651472068,52.80161158819607,1,275.18189811975
111.67856370651927,41.90396480078354,1,259.81917497206143
92.81415818425882,54.24061044464089,1,274.1099676479248
111.81309661384618,45.26160652929084,0,212.8213947941102
122.17407161165815,49.855477291217206,0,262.5886097640332
116.40964362394729,55.462842480037,1,150.58564458151463
110.14548062214595,50.064222698109376,1,298.8955225862197
121.33349379178307,45.63614109473431,0,182.59208577379854
123.38591180891345,48.90390196074169,0,336.8639473259067
127.64317982075055,49.11637040794665,1,247.31558521205275
112.97419775179286,46.29988970117872,0,245.9037497793376
96.65763839366291,47.41203937332897,1,216.9421238926062
102.93427372866645,65.98647170504717,0,237.06519316822943
124.13017933016714,55.60919447941239,1,332.9916569224854
83.66128658025528,47.045196819708394,1,117.44021046337367
107.37346617745803,56.969544045107355,0,317.53500239313837
92.13322375345278,46.6618051024399,1,262.9677859318118
100.57489645869634,61.73124637586641,1,189.9363658364874
125.56903725214598,53.69642192198094,1,209.01889897361107
103.82198136039807,48.92697855995771,0,335.73064204060915
100.92873096312297,54.477169258102776,0,203.18902148442493
72.80287718040162,34.291238479315005,0,178.73391306040287
114.92507132054442,38.73232531090195,1,314.3282627785087
112.9096836228215,38.060749936009444,0,273.38248562570647
143.2650944661092,51.429430947637066,1,224.73626840623464
93.84443530093998,67.32514999485092,1,257.75346642070093
104.38300655327878,72.31300146192632,0,200.90386909462555
104.9876736742151,56.380511014407574,0,307.5349067582378
131.5490655952695,55.00844474944457,1,318.8430810412914
98.09408935226095,31.98942265847261,1,275.6473546172276
105.58043051540679,44.57326200265978,0,270.8732683200542
112.15793019433079,42.12216248091761,0,344.1383713405341
103.73218246312716,43.79152401748884,0,251.85040760097485
91.07132770898943,48.318561814152105,1,186.44195758345467
103.88179985796616,45.27909422302873,1,274.4145955705984
121.47263499719544,30.207001896242122,1,365.0386699754534
79.4696940117788,57.47910256117534,1,188.9968723465968
102.65939348293752,39.27256974260193,1,233.25655840676947
85.99758370121654,52.39246864111149,0,263.8210937556809
123.90093257849685,70.74082669749973,0,259.25522383896146
69.5362619043245,40.80615408413577,1,185.65295193329655
88.82156305456823,24.697124772536704,1,300.5036743388076
107.54423750129041,47.139957781198895,0,369.7741548515081
131.31048058468681,61.00959634998571,0,275.46181324353876
98.68499477854024,69.58347454220593,0,204.13908290247014
88.89600946613604,37.70450405547583,0,166.99997848039425
137.6231413888118,54.966992232365214,1,281.71036975546497
71.03972199167512,45.34689543219947,0,290.71372816165047
56.023880867598365,48.94051645695864,1,251.77032775856827
108.80028900106664,76.44343347017035,0,254.2799524545906
89.95891551294778,34.970296716048466,0,215.51587516700857
79.57534365738573,52.537396614945735,0,185.17949019278836
114.16712894598706,54.676931717654334,1,298.82113078923766
104.87601427542398,60.857863249393475,1,298.1265882069913
88.71842738526543,50.97983153470896,0,167.07272435809605
74.39391202658211,53.08050539504102,1,316.68890492232526
117.44914656560289,46.08351432578209,1,287.4281343275015
113.00402355917322,52.69126941245107,0,326.4817440368763
98.01648272441234,46.5680772450259,0,181.90185393795042
136.9327399209533,56.21571889856051,1,200.17516218970468
78.59830467347695,46.30389663956366,1,231.85068684837364
69.48949658150522,53.77100393902187,1,259.8839696355123
86.16183860237511,49.707371863150215,0,332.8989604475357
99.08827967289004,61.26050250772168,0,284.8480855272016
104.86678898645384,49.48606276411514,1,240.29933065262526
95.1752788428734,32.26967531793119,0,196.26917903814208
107.04110793028593,62.619215007139914,0,315.0205826011005
74.96921151619112,40.94267699137381,1,189.24933447055983
128.8752920814652,43.4623366135118,1,345.86107377934866
98.35697643214863,44.04338705956508,0,234.95925573574885
122.34591663176255,63.74438093170817,0,340.70206194677377
106.85450692755408,28.643257860213044,1,287.37381796674094
109.13506438307567,81.37748533659993,0,247.71775771941492
111.39534560464408,60.56056809066052,0,229.7278542110157
108.9541712003463,52.2323891412916,1,237.43169173286915
112.85445519735087,49.451059993837134,1,277.8430622174373
126.58305060264863,52.85554074857657,0,267.14935011221013
103.9304233940294,55.211224283793385,0,222.27464129357944
114.18007515177024,56.45215585950057,0,248.80846706000352
98.20528611425547,55.55604466003449,1,253.03149454308522
128.80234430898946,50.895806812552486,0,157.96446743375412
86.4721539588146,48.02661579692674,0,266.14448271884226
136.0188086582163,48.487267163464885,1,219.0233430932678
99.19684098711313,48.05091719647319,1,191.9318003332693
71.38449795763904,61.337700968670646,0,151.32503162328402
102.56208829821578,55.935567222808615,1,161.58641925571337
86.37896685050238,20.596113653357197,1,175.41710826963674
116.81287097977449,56.55900776529761,0,222.95538760836274
86.94752041395218,51.94736194718775,1,341.13671708330446
91.07633133570441,49.81291243554102,1,219.244181873092
62.209185381089384,46.11481546911114,0,239.99209800394624
90.95387361501847,61.24112719986013,1,265.5010061328257
51.52241346742087,59.475264621228575,0,232.31446604450286
68.32194353028554,42.27122332176391,0,230.2887987288431
115.20829312288595,54.07052287124535,1,197.83945838148074
115.71600317301665,40.28343265458714,1,330.4043790004689
108.50915123569929,36.203818352110694,1,344.6144077997439
80.66047713741574,43.73282775410035,0,156.19730386257356
99.0457728771604,58.62393472382759,1,198.32145689426122
99.92794921818863,59.53125045376087,0,235.97345749024402
76.83270621614915,55.130854200972934,1,190.189463362565
130.067966035343,57.25095786847997,1,290.33226069046475
117.54724581151342,55.16178287114958,1,222.36001278542608
95.58071652340672,43.585184047770476,0,356.04316165203346
100.53771677989062,54.31922544673941,1,309.7962881071251
104.16765615895105,58.00409525227683,1,262.71252961108627
59.16530263151419,57.542913298135744,0,280.9319644817437
95.05645234958806,61.88913371474643,0,302.8232473926595
86.36031504004403,57.083038472010635,1,214.98278311710988
79.96759980210169,53.51448207541583,1,199.1729376739526
94.3779941422809,60.701502383164275,1,251.0961502196228
135.95373053699046,49.7347874075094,0,311.05867149339247
112.8168572253402,41.18125348772282,0,263.361448545341
88.57642020434406,48.36933036056236,0,165.43838599262216
111.45165562712317,42.55097355193551,0,215.58460561601947
